alert_id,incident_id,asset_id,hostname,alert_name,source,severity,timestamp,process,ip,domain,file_hash,mitre_id
ALT-00001,INC-0001,A040,FIN-LAPTOP-40,Endpoint Malware Behavior,Synthetic-EDR,High,2026-05-06 18:02:00,rundll32.exe,,,f6178081c7167e61d15df8bc0cd0f1a7069a8319e08725681e104657892834b0,T1566
ALT-00002,INC-0001,A040,FIN-LAPTOP-40,Unusual Network Connection,Synthetic-Wazuh,High,2026-05-06 19:19:00,regsvr32.exe,,,,T1566
ALT-00003,INC-0001,A040,FIN-LAPTOP-40,Suspicious Process Execution,Synthetic-Wazuh,High,2026-05-06 18:44:00,cmd.exe,,,,T1566
ALT-00004,INC-0002,A004,FIN-SRV-04,Endpoint Malware Behavior,Synthetic-Security-Onion,Medium,2026-06-04 12:18:00,powershell.exe,,,,T1071
ALT-00005,INC-0003,A014,EXE-SRV-14,Endpoint Malware Behavior,Synthetic-Security-Onion,Medium,2026-06-03 07:23:00,cmd.exe,,,,T1071
ALT-00006,INC-0004,A006,SAL-LAPTOP-06,Potential Credential Access,Synthetic-Wazuh,Medium,2026-06-03 15:09:00,powershell.exe,,,,T1071
ALT-00007,INC-0004,A006,SAL-LAPTOP-06,Suspicious DNS Query,Synthetic-EDR,Medium,2026-06-03 15:25:00,wmic.exe,,,019fc5f6eb009cebfe15c11583046a4025ca741cd4f9ac1f1bcffe9ac28b65d3,T1071
ALT-00008,INC-0004,A006,SAL-LAPTOP-06,Suspicious Process Execution,Synthetic-Security-Onion,Medium,2026-06-03 14:06:00,cmd.exe,,,c9fb7b8ac79b6e30bf42948123d4edb965bceafaf0d04cc30413d41481e2b99e,T1071
ALT-00009,INC-0005,A041,EXE-LAPTOP-41,Suspicious Process Execution,Synthetic-Wazuh,High,2026-06-15 01:29:00,wmic.exe,185.127.90.79,,,T1021
ALT-00010,INC-0005,A041,EXE-LAPTOP-41,Suspicious Process Execution,Synthetic-Security-Onion,High,2026-06-15 00:59:00,wmic.exe,185.68.58.7,,,T1021
ALT-00011,INC-0005,A041,EXE-LAPTOP-41,Potential Credential Access,Synthetic-Security-Onion,High,2026-06-14 23:53:00,wmic.exe,185.178.50.103,,,T1021
ALT-00012,INC-0005,A041,EXE-LAPTOP-41,Unusual Network Connection,Synthetic-Security-Onion,High,2026-06-14 23:30:00,wmic.exe,,,,T1021
ALT-00013,INC-0006,A012,DB-12,Malicious Indicator Match,Synthetic-Wazuh,High,2026-06-13 09:23:00,rundll32.exe,,,e43b433c38f8a7b96ed33a824ed6015c01fc7f9f062bdb1ca97098785dc9181b,T1105
ALT-00014,INC-0007,A032,DB-32,Unusual Network Connection,Synthetic-Security-Onion,High,2026-05-26 18:22:00,powershell.exe,185.140.103.174,,,T1566
ALT-00015,INC-0007,A032,DB-32,Phishing Alert Involving User Credential,Synthetic-Security-Onion,High,2026-05-26 16:26:00,cmd.exe,,,,T1566
ALT-00016,INC-0007,A032,DB-32,Phishing Alert Involving User Credential,Synthetic-Wazuh,High,2026-05-26 16:15:00,cmd.exe,,,,T1566
ALT-00017,INC-0008,A029,OPS-SRV-29,Malicious Indicator Match,Synthetic-Wazuh,High,2026-05-13 12:05:00,rundll32.exe,,,,T1105
ALT-00018,INC-0009,A009,FIN-SRV-09,Suspicious DNS Query,Synthetic-Wazuh,Medium,2026-06-11 15:58:00,rundll32.exe,,,,T1071
ALT-00019,INC-0010,A007,FIN-LAPTOP-07,Unusual Network Connection,Synthetic-EDR,High,2026-06-06 14:49:00,rundll32.exe,,,,T1105
ALT-00020,INC-0010,A007,FIN-LAPTOP-07,Suspicious Process Execution,Synthetic-Security-Onion,High,2026-06-06 14:11:00,rundll32.exe,185.250.8.30,,,T1105
ALT-00021,INC-0010,A007,FIN-LAPTOP-07,Malware Download Observed,Synthetic-EDR,High,2026-06-06 15:38:00,rundll32.exe,185.27.248.198,,,T1105
ALT-00022,INC-0010,A007,FIN-LAPTOP-07,Endpoint Malware Behavior,Synthetic-Security-Onion,High,2026-06-06 15:07:00,rundll32.exe,,,,T1105
ALT-00023,INC-0011,A053,WEB-53,Suspicious Process Execution,Synthetic-EDR,Medium,2026-05-04 04:19:00,regsvr32.exe,,,aece81a465ea0d7b94c8e50111cd35cb67f6ea5734711f60879d070f180964c9,T1053
ALT-00024,INC-0011,A053,WEB-53,Endpoint Malware Behavior,Synthetic-Security-Onion,Medium,2026-05-04 04:02:00,wmic.exe,,,,T1053
ALT-00025,INC-0012,A070,FIN-SRV-70,Potential Credential Access,Synthetic-Wazuh,Medium,2026-05-23 18:07:00,rundll32.exe,185.107.224.10,,,T1053
ALT-00026,INC-0012,A070,FIN-SRV-70,Scheduled Task Persistence,Synthetic-Security-Onion,Medium,2026-05-23 20:15:00,rundll32.exe,,,,T1053
ALT-00027,INC-0012,A070,FIN-SRV-70,Suspicious Process Execution,Synthetic-Wazuh,Medium,2026-05-23 19:03:00,cmd.exe,,,7cef1f8e90715a9db9aad73d1b91ef3956ce383809d37d5e4663a24b4a010f81,T1053
ALT-00028,INC-0012,A070,FIN-SRV-70,Potential Credential Access,Synthetic-EDR,Medium,2026-05-23 18:14:00,rundll32.exe,,,,T1053
ALT-00029,INC-0013,A029,OPS-SRV-29,Endpoint Malware Behavior,Synthetic-Security-Onion,High,2026-05-23 07:31:00,wmic.exe,,,,T1021
ALT-00030,INC-0013,A029,OPS-SRV-29,Malicious Indicator Match,Synthetic-EDR,High,2026-05-23 07:24:00,wmic.exe,,,b0ebf5e04f4139f344154baa9bd20f9523584739e5d1df9f84ae997bd49af96d,T1021
ALT-00031,INC-0013,A029,OPS-SRV-29,Unusual Network Connection,Synthetic-EDR,High,2026-05-23 06:19:00,wmic.exe,185.225.138.85,,,T1021
ALT-00032,INC-0014,A023,SAL-LAPTOP-23,Malicious Indicator Match,Synthetic-EDR,Medium,2026-05-03 02:51:00,powershell.exe,,portal-18.example-malicious.net,,T1053
ALT-00033,INC-0014,A023,SAL-LAPTOP-23,Endpoint Malware Behavior,Synthetic-Wazuh,Medium,2026-05-03 03:22:00,rundll32.exe,,,,T1053
ALT-00034,INC-0015,A008,DB-08,Potential Credential Access,Synthetic-Security-Onion,High,2026-05-10 18:18:00,powershell.exe,,,,T1059
ALT-00035,INC-0015,A008,DB-08,Unusual Network Connection,Synthetic-EDR,High,2026-05-10 18:25:00,powershell.exe,,,c9fb7b8ac79b6e30bf42948123d4edb965bceafaf0d04cc30413d41481e2b99e,T1059
ALT-00036,INC-0016,A044,IT-LAPTOP-44,Unusual Network Connection,Synthetic-EDR,Critical,2026-05-21 05:21:00,powershell.exe,,,,T1486
ALT-00037,INC-0016,A044,IT-LAPTOP-44,Endpoint Malware Behavior,Synthetic-EDR,Critical,2026-05-21 05:31:00,powershell.exe,,,4b824f52d405c307ed63f1426954e43b9de6ca936183500c58786d65128bc122,T1486
ALT-00038,INC-0016,A044,IT-LAPTOP-44,Suspicious Process Execution,Synthetic-Security-Onion,Critical,2026-05-21 05:18:00,powershell.exe,,,7cef1f8e90715a9db9aad73d1b91ef3956ce383809d37d5e4663a24b4a010f81,T1486
ALT-00039,INC-0016,A044,IT-LAPTOP-44,Malicious Indicator Match,Synthetic-Wazuh,Critical,2026-05-21 04:45:00,powershell.exe,,,,T1486
ALT-00040,INC-0017,A001,SAL-LAPTOP-01,Potential Credential Access,Synthetic-Wazuh,High,2026-06-06 03:43:00,wmic.exe,,,,T1021
ALT-00041,INC-0017,A001,SAL-LAPTOP-01,Unusual Network Connection,Synthetic-Wazuh,High,2026-06-06 02:24:00,wmic.exe,,,,T1021
ALT-00042,INC-0017,A001,SAL-LAPTOP-01,Suspicious Process Execution,Synthetic-Security-Onion,High,2026-06-06 02:21:00,wmic.exe,,,,T1021
ALT-00043,INC-0018,A022,WEB-22,Suspicious Process Execution,Synthetic-Wazuh,Critical,2026-06-15 23:57:00,mimikatz.exe,185.77.10.28,,,T1003
ALT-00044,INC-0018,A022,WEB-22,Credential Dumping Suspected,Synthetic-EDR,Critical,2026-06-15 21:00:00,mimikatz.exe,185.77.10.28,,,T1003
ALT-00045,INC-0018,A022,WEB-22,Endpoint Malware Behavior,Synthetic-Security-Onion,Critical,2026-06-15 21:42:00,mimikatz.exe,,update-56.example-malicious.net,,T1003
ALT-00046,INC-0019,A053,WEB-53,Endpoint Malware Behavior,Synthetic-EDR,Medium,2026-05-25 11:57:00,regsvr32.exe,,,,T1053
ALT-00047,INC-0020,A021,IT-LAPTOP-21,Malicious Indicator Match,Synthetic-Wazuh,Medium,2026-05-05 02:36:00,powershell.exe,185.68.58.7,,,T1053
ALT-00048,INC-0020,A021,IT-LAPTOP-21,Scheduled Task Persistence,Synthetic-Security-Onion,Medium,2026-05-05 03:32:00,regsvr32.exe,185.127.90.79,,,T1053
ALT-00049,INC-0020,A021,IT-LAPTOP-21,Endpoint Malware Behavior,Synthetic-Wazuh,Medium,2026-05-05 02:50:00,wmic.exe,,,,T1053
ALT-00050,INC-0021,A022,WEB-22,Unusual Network Connection,Synthetic-EDR,High,2026-05-11 03:21:00,wmic.exe,,,,T1021
ALT-00051,INC-0021,A022,WEB-22,Endpoint Malware Behavior,Synthetic-EDR,High,2026-05-11 02:07:00,wmic.exe,,,,T1021
ALT-00052,INC-0022,A037,FILE-37,Ransomware-like File Activity,Synthetic-Security-Onion,Critical,2026-05-16 03:22:00,powershell.exe,185.121.1.134,,,T1486
ALT-00053,INC-0022,A037,FILE-37,Endpoint Malware Behavior,Synthetic-EDR,Critical,2026-05-16 05:02:00,powershell.exe,,,c9fb7b8ac79b6e30bf42948123d4edb965bceafaf0d04cc30413d41481e2b99e,T1486
ALT-00054,INC-0022,A037,FILE-37,Suspicious Process Execution,Synthetic-Wazuh,Critical,2026-05-16 05:43:00,powershell.exe,185.107.224.10,,,T1486
ALT-00055,INC-0022,A037,FILE-37,Unusual Network Connection,Synthetic-Wazuh,Critical,2026-05-16 04:18:00,powershell.exe,185.220.204.224,,,T1486
ALT-00056,INC-0023,A051,VPN-51,Malicious Indicator Match,Synthetic-Wazuh,Medium,2026-06-01 22:54:00,wmic.exe,,,e493da125607d35d100d2317552291091224746e19ee9965511285e3280f6ca9,T1053
ALT-00057,INC-0023,A051,VPN-51,Malicious Indicator Match,Synthetic-Wazuh,Medium,2026-06-01 22:08:00,wmic.exe,,update-56.example-malicious.net,,T1053
ALT-00058,INC-0023,A051,VPN-51,Endpoint Malware Behavior,Synthetic-EDR,Medium,2026-06-01 21:24:00,cmd.exe,,,,T1053
ALT-00059,INC-0023,A051,VPN-51,Unusual Network Connection,Synthetic-EDR,Medium,2026-06-01 21:58:00,regsvr32.exe,185.75.12.182,,,T1053
ALT-00060,INC-0024,A071,OPS-LAPTOP-71,Suspicious Process Execution,Synthetic-Security-Onion,High,2026-05-25 17:16:00,powershell.exe,,,,T1059
ALT-00061,INC-0024,A071,OPS-LAPTOP-71,Endpoint Malware Behavior,Synthetic-Wazuh,High,2026-05-25 18:08:00,powershell.exe,,,b845d7e2eb5da8ddbf14c99c48146eea64d57a8078a76c57eae38f1428c2e6f5,T1059
ALT-00062,INC-0024,A071,OPS-LAPTOP-71,Potential Credential Access,Synthetic-EDR,High,2026-05-25 18:53:00,powershell.exe,,,,T1059
ALT-00063,INC-0024,A071,OPS-LAPTOP-71,Suspicious Process Execution,Synthetic-Wazuh,High,2026-05-25 17:54:00,powershell.exe,,,,T1059
ALT-00064,INC-0025,A023,SAL-LAPTOP-23,Unusual Network Connection,Synthetic-Wazuh,High,2026-05-14 08:40:00,rundll32.exe,,,951e97b0fe5a70a76985786d6dde664cb4a6afc8f0d68f2ec899e761b6d44072,T1105
ALT-00065,INC-0025,A023,SAL-LAPTOP-23,Malicious Indicator Match,Synthetic-Security-Onion,High,2026-05-14 06:17:00,rundll32.exe,,,cc24386173fd8e1634f1f1fee3822dd02d151ae0d4f2f92f1ed5f595d5e36397,T1105
ALT-00066,INC-0025,A023,SAL-LAPTOP-23,Unusual Network Connection,Synthetic-EDR,High,2026-05-14 07:23:00,rundll32.exe,,,4b824f52d405c307ed63f1426954e43b9de6ca936183500c58786d65128bc122,T1105
ALT-00067,INC-0025,A023,SAL-LAPTOP-23,Potential Credential Access,Synthetic-Security-Onion,High,2026-05-14 06:03:00,rundll32.exe,,,,T1105
ALT-00068,INC-0026,A080,OPS-SRV-80,Potential Credential Access,Synthetic-Wazuh,High,2026-05-08 14:13:00,wmic.exe,,,,T1021
ALT-00069,INC-0027,A069,OPS-LAPTOP-69,Phishing Alert Involving User Credential,Synthetic-Wazuh,High,2026-05-27 09:10:00,wmic.exe,,,,T1566
ALT-00070,INC-0027,A069,OPS-LAPTOP-69,Endpoint Malware Behavior,Synthetic-EDR,High,2026-05-27 09:42:00,regsvr32.exe,,,efe5caae946bae1f9e7bb134c69bd2033608e303a9b64ebd2c051aee7bde636d,T1566
ALT-00071,INC-0027,A069,OPS-LAPTOP-69,Endpoint Malware Behavior,Synthetic-Wazuh,High,2026-05-27 08:12:00,rundll32.exe,,,e493da125607d35d100d2317552291091224746e19ee9965511285e3280f6ca9,T1566
ALT-00072,INC-0027,A069,OPS-LAPTOP-69,Malicious Indicator Match,Synthetic-Wazuh,High,2026-05-27 09:26:00,rundll32.exe,,,,T1566
ALT-00073,INC-0028,A039,EXE-LAPTOP-39,Suspicious Process Execution,Synthetic-Wazuh,Critical,2026-05-18 16:16:00,powershell.exe,,,,T1486
ALT-00074,INC-0029,A057,EXE-LAPTOP-57,Endpoint Malware Behavior,Synthetic-Security-Onion,High,2026-05-19 01:12:00,wmic.exe,185.250.8.30,,,T1566
ALT-00075,INC-0030,A048,FIN-LAPTOP-48,Potential Credential Access,Synthetic-EDR,High,2026-06-02 05:07:00,powershell.exe,,,e43b433c38f8a7b96ed33a824ed6015c01fc7f9f062bdb1ca97098785dc9181b,T1059
ALT-00076,INC-0030,A048,FIN-LAPTOP-48,Suspicious Process Execution,Synthetic-Wazuh,High,2026-06-02 06:03:00,powershell.exe,,,e493da125607d35d100d2317552291091224746e19ee9965511285e3280f6ca9,T1059
ALT-00077,INC-0030,A048,FIN-LAPTOP-48,Malicious Indicator Match,Synthetic-EDR,High,2026-06-02 05:50:00,powershell.exe,185.61.210.236,,,T1059
ALT-00078,INC-0030,A048,FIN-LAPTOP-48,Unusual Network Connection,Synthetic-EDR,High,2026-06-02 06:41:00,powershell.exe,,,019fc5f6eb009cebfe15c11583046a4025ca741cd4f9ac1f1bcffe9ac28b65d3,T1059
ALT-00079,INC-0031,A016,SAL-LAPTOP-16,Unusual Network Connection,Synthetic-EDR,High,2026-05-16 13:21:00,powershell.exe,,,01d3ae374eabcef0aa2fe012733cbf92fc30aa562c8c8f037322131afb0e8743,T1059
ALT-00080,INC-0031,A016,SAL-LAPTOP-16,Malicious Indicator Match,Synthetic-EDR,High,2026-05-16 13:56:00,powershell.exe,185.81.90.165,,,T1059
ALT-00081,INC-0031,A016,SAL-LAPTOP-16,Unusual Network Connection,Synthetic-Wazuh,High,2026-05-16 11:41:00,powershell.exe,185.107.224.10,,,T1059
ALT-00082,INC-0031,A016,SAL-LAPTOP-16,Suspicious Process Execution,Synthetic-Wazuh,High,2026-05-16 13:45:00,powershell.exe,,,,T1059
ALT-00083,INC-0032,A029,OPS-SRV-29,Unusual Network Connection,Synthetic-Wazuh,Medium,2026-05-18 22:45:00,powershell.exe,,,,T1071
ALT-00084,INC-0033,A023,SAL-LAPTOP-23,Endpoint Malware Behavior,Synthetic-EDR,High,2026-05-15 09:10:00,powershell.exe,,,,T1059
ALT-00085,INC-0033,A023,SAL-LAPTOP-23,Malicious Indicator Match,Synthetic-Security-Onion,High,2026-05-15 09:04:00,powershell.exe,185.246.207.138,,,T1059
ALT-00086,INC-0033,A023,SAL-LAPTOP-23,Endpoint Malware Behavior,Synthetic-EDR,High,2026-05-15 10:39:00,powershell.exe,185.121.156.252,,,T1059
ALT-00087,INC-0034,A051,VPN-51,Potential Credential Access,Synthetic-EDR,Critical,2026-05-01 17:12:00,mimikatz.exe,,,,T1003
ALT-00088,INC-0034,A051,VPN-51,Unusual Network Connection,Synthetic-Wazuh,Critical,2026-05-01 17:26:00,mimikatz.exe,185.68.58.7,,,T1003
ALT-00089,INC-0034,A051,VPN-51,Endpoint Malware Behavior,Synthetic-Security-Onion,Critical,2026-05-01 17:10:00,mimikatz.exe,,,,T1003
ALT-00090,INC-0035,A034,OPS-LAPTOP-34,Potential Credential Access,Synthetic-Security-Onion,Critical,2026-05-13 06:49:00,powershell.exe,,,,T1486
ALT-00091,INC-0035,A034,OPS-LAPTOP-34,Endpoint Malware Behavior,Synthetic-Wazuh,Critical,2026-05-13 06:47:00,powershell.exe,185.94.72.222,,,T1486
ALT-00092,INC-0036,A064,ENG-LAPTOP-64,Potential Credential Access,Synthetic-Wazuh,Critical,2026-05-17 14:27:00,powershell.exe,,,,T1486
ALT-00093,INC-0037,A029,OPS-SRV-29,Suspicious Process Execution,Synthetic-Security-Onion,Medium,2026-06-12 11:24:00,regsvr32.exe,,,,T1053
ALT-00094,INC-0037,A029,OPS-SRV-29,Endpoint Malware Behavior,Synthetic-EDR,Medium,2026-06-12 11:46:00,rundll32.exe,,,,T1053
ALT-00095,INC-0038,A043,OPS-LAPTOP-43,Malicious Indicator Match,Synthetic-Security-Onion,Critical,2026-05-15 12:06:00,mimikatz.exe,,,e493da125607d35d100d2317552291091224746e19ee9965511285e3280f6ca9,T1003
ALT-00096,INC-0038,A043,OPS-LAPTOP-43,Unusual Network Connection,Synthetic-Wazuh,Critical,2026-05-15 13:00:00,mimikatz.exe,,,,T1003
ALT-00097,INC-0038,A043,OPS-LAPTOP-43,Potential Credential Access,Synthetic-EDR,Critical,2026-05-15 13:38:00,mimikatz.exe,,,bdceca637811e0e213853ad473a6736c21e907910fbc01406abeb677a71a2311,T1003
ALT-00098,INC-0039,A010,EXE-LAPTOP-10,Scheduled Task Persistence,Synthetic-Wazuh,Medium,2026-05-13 16:35:00,wmic.exe,,,,T1053
ALT-00099,INC-0039,A010,EXE-LAPTOP-10,Unusual Network Connection,Synthetic-EDR,Medium,2026-05-13 17:57:00,rundll32.exe,,,,T1053
ALT-00100,INC-0039,A010,EXE-LAPTOP-10,Scheduled Task Persistence,Synthetic-Security-Onion,Medium,2026-05-13 17:25:00,cmd.exe,,,01d3ae374eabcef0aa2fe012733cbf92fc30aa562c8c8f037322131afb0e8743,T1053
ALT-00101,INC-0039,A010,EXE-LAPTOP-10,Malicious Indicator Match,Synthetic-EDR,Medium,2026-05-13 16:14:00,cmd.exe,,,,T1053
ALT-00102,INC-0040,A001,SAL-LAPTOP-01,Unusual Network Connection,Synthetic-Wazuh,Medium,2026-05-18 06:33:00,cmd.exe,,,,T1053
ALT-00103,INC-0040,A001,SAL-LAPTOP-01,Unusual Network Connection,Synthetic-Security-Onion,Medium,2026-05-18 08:02:00,wmic.exe,,,,T1053
ALT-00104,INC-0041,A050,OPS-LAPTOP-50,Malicious Indicator Match,Synthetic-EDR,High,2026-05-03 17:48:00,powershell.exe,,,,T1059
ALT-00105,INC-0041,A050,OPS-LAPTOP-50,Endpoint Malware Behavior,Synthetic-EDR,High,2026-05-03 18:03:00,powershell.exe,185.211.180.28,,,T1059
ALT-00106,INC-0041,A050,OPS-LAPTOP-50,Malicious Indicator Match,Synthetic-Security-Onion,High,2026-05-03 17:33:00,powershell.exe,,,e493da125607d35d100d2317552291091224746e19ee9965511285e3280f6ca9,T1059
ALT-00107,INC-0042,A014,EXE-SRV-14,Malicious Indicator Match,Synthetic-Security-Onion,High,2026-06-02 19:56:00,wmic.exe,,,,T1021
ALT-00108,INC-0043,A067,HR-LAPTOP-67,Malicious Indicator Match,Synthetic-Wazuh,High,2026-05-28 21:42:00,wmic.exe,,,,T1566
ALT-00109,INC-0043,A067,HR-LAPTOP-67,Phishing Alert Involving User Credential,Synthetic-Wazuh,High,2026-05-28 21:57:00,wmic.exe,,,,T1566
ALT-00110,INC-0043,A067,HR-LAPTOP-67,Suspicious Process Execution,Synthetic-EDR,High,2026-05-28 21:05:00,cmd.exe,,,,T1566
ALT-00111,INC-0044,A076,HR-LAPTOP-76,Malicious Indicator Match,Synthetic-EDR,High,2026-05-08 13:39:00,rundll32.exe,,,bdceca637811e0e213853ad473a6736c21e907910fbc01406abeb677a71a2311,T1105
ALT-00112,INC-0045,A007,FIN-LAPTOP-07,Unusual Network Connection,Synthetic-Security-Onion,High,2026-06-12 04:37:00,powershell.exe,185.178.50.103,,,T1059
ALT-00113,INC-0046,A016,SAL-LAPTOP-16,Ransomware-like File Activity,Synthetic-EDR,Critical,2026-06-01 00:13:00,powershell.exe,,,c9fb7b8ac79b6e30bf42948123d4edb965bceafaf0d04cc30413d41481e2b99e,T1486
ALT-00114,INC-0047,A035,HR-SRV-35,Malware Download Observed,Synthetic-Security-Onion,High,2026-05-27 03:50:00,rundll32.exe,,,6dd968d4316620cd37a1f852bbc127b878800f0bdfb5fca8176138adc9306dbd,T1105
ALT-00115,INC-0048,A078,OPS-LAPTOP-78,Suspicious Process Execution,Synthetic-Wazuh,Medium,2026-05-17 18:20:00,rundll32.exe,,,,T1071
ALT-00116,INC-0048,A078,OPS-LAPTOP-78,Endpoint Malware Behavior,Synthetic-Security-Onion,Medium,2026-05-17 17:24:00,cmd.exe,,,,T1071
ALT-00117,INC-0048,A078,OPS-LAPTOP-78,Suspicious DNS Query,Synthetic-EDR,Medium,2026-05-17 18:51:00,powershell.exe,185.211.180.28,,,T1071
ALT-00118,INC-0049,A064,ENG-LAPTOP-64,Endpoint Malware Behavior,Synthetic-Wazuh,High,2026-05-06 17:56:00,rundll32.exe,,,,T1105
ALT-00119,INC-0050,A038,IT-LAPTOP-38,Malicious Indicator Match,Synthetic-Security-Onion,Critical,2026-05-30 03:53:00,powershell.exe,,,,T1486
ALT-00120,INC-0050,A038,IT-LAPTOP-38,Ransomware-like File Activity,Synthetic-Wazuh,Critical,2026-05-30 01:11:00,powershell.exe,,,938c6ab1030d2fb432ed9ad966eb10c2d24f0501bf004e09c915f0b00b75d6b4,T1486
ALT-00121,INC-0051,A002,SAL-LAPTOP-02,Potential Credential Access,Synthetic-Security-Onion,High,2026-06-12 20:23:00,rundll32.exe,,,,T1105
ALT-00122,INC-0051,A002,SAL-LAPTOP-02,Suspicious Process Execution,Synthetic-Wazuh,High,2026-06-12 21:42:00,rundll32.exe,185.240.148.49,,,T1105
ALT-00123,INC-0051,A002,SAL-LAPTOP-02,Malicious Indicator Match,Synthetic-Security-Onion,High,2026-06-12 22:56:00,rundll32.exe,,cdn-65.example-malicious.net,,T1105
ALT-00124,INC-0052,A062,IT-SRV-62,Suspicious Process Execution,Synthetic-Wazuh,High,2026-06-11 06:46:00,wmic.exe,,,,T1021
ALT-00125,INC-0053,A076,HR-LAPTOP-76,Scheduled Task Persistence,Synthetic-EDR,Medium,2026-06-06 21:33:00,regsvr32.exe,,,,T1053
ALT-00126,INC-0053,A076,HR-LAPTOP-76,Scheduled Task Persistence,Synthetic-Security-Onion,Medium,2026-06-06 22:52:00,wmic.exe,,,,T1053
ALT-00127,INC-0053,A076,HR-LAPTOP-76,Scheduled Task Persistence,Synthetic-EDR,Medium,2026-06-06 23:53:00,rundll32.exe,185.77.10.28,,,T1053
ALT-00128,INC-0053,A076,HR-LAPTOP-76,Endpoint Malware Behavior,Synthetic-EDR,Medium,2026-06-06 21:57:00,regsvr32.exe,,,,T1053
ALT-00129,INC-0054,A044,IT-LAPTOP-44,Endpoint Malware Behavior,Synthetic-Security-Onion,Critical,2026-05-28 21:38:00,mimikatz.exe,,,951e97b0fe5a70a76985786d6dde664cb4a6afc8f0d68f2ec899e761b6d44072,T1003
ALT-00130,INC-0054,A044,IT-LAPTOP-44,Potential Credential Access,Synthetic-EDR,Critical,2026-05-28 21:13:00,mimikatz.exe,,,,T1003
ALT-00131,INC-0054,A044,IT-LAPTOP-44,Suspicious Process Execution,Synthetic-EDR,Critical,2026-05-28 23:00:00,mimikatz.exe,,,145181ac0324eaeadb052a891ecc459f8180b97c7b90c97691500d1cd86a4388,T1003
ALT-00132,INC-0054,A044,IT-LAPTOP-44,Suspicious Process Execution,Synthetic-Wazuh,Critical,2026-05-28 23:05:00,mimikatz.exe,,,,T1003
ALT-00133,INC-0055,A042,FILE-42,Unusual Network Connection,Synthetic-Wazuh,Medium,2026-05-22 08:20:00,wmic.exe,,,,T1071
ALT-00134,INC-0055,A042,FILE-42,Unusual Network Connection,Synthetic-Wazuh,Medium,2026-05-22 10:07:00,regsvr32.exe,,,,T1071
ALT-00135,INC-0056,A058,ENG-SRV-58,Potential Credential Access,Synthetic-EDR,High,2026-05-08 15:00:00,powershell.exe,,secure-95.example-malicious.net,,T1566
ALT-00136,INC-0057,A012,DB-12,Malicious Indicator Match,Synthetic-Wazuh,Critical,2026-06-02 17:57:00,powershell.exe,,,,T1486
ALT-00137,INC-0057,A012,DB-12,Malicious Indicator Match,Synthetic-EDR,Critical,2026-06-02 19:38:00,powershell.exe,,,,T1486
ALT-00138,INC-0057,A012,DB-12,Endpoint Malware Behavior,Synthetic-EDR,Critical,2026-06-02 18:33:00,powershell.exe,,,,T1486
ALT-00139,INC-0057,A012,DB-12,Ransomware-like File Activity,Synthetic-Wazuh,Critical,2026-06-02 19:48:00,powershell.exe,,,,T1486
ALT-00140,INC-0058,A029,OPS-SRV-29,Malicious Indicator Match,Synthetic-EDR,High,2026-05-22 11:27:00,powershell.exe,,,,T1059
ALT-00141,INC-0058,A029,OPS-SRV-29,Unusual Network Connection,Synthetic-Wazuh,High,2026-05-22 12:44:00,powershell.exe,185.81.90.165,,,T1059
ALT-00142,INC-0058,A029,OPS-SRV-29,Suspicious Process Execution,Synthetic-Wazuh,High,2026-05-22 11:30:00,powershell.exe,,,efe5caae946bae1f9e7bb134c69bd2033608e303a9b64ebd2c051aee7bde636d,T1059
ALT-00143,INC-0059,A051,VPN-51,Endpoint Malware Behavior,Synthetic-EDR,Medium,2026-05-30 08:30:00,powershell.exe,,,,T1071
ALT-00144,INC-0060,A016,SAL-LAPTOP-16,Potential Credential Access,Synthetic-EDR,Medium,2026-05-30 21:12:00,powershell.exe,,,,T1053
ALT-00145,INC-0060,A016,SAL-LAPTOP-16,Potential Credential Access,Synthetic-Security-Onion,Medium,2026-05-30 23:10:00,wmic.exe,,,,T1053
ALT-00146,INC-0061,A023,SAL-LAPTOP-23,Unusual Network Connection,Synthetic-Security-Onion,High,2026-05-09 05:35:00,rundll32.exe,,,,T1105
ALT-00147,INC-0061,A023,SAL-LAPTOP-23,Suspicious Process Execution,Synthetic-Security-Onion,High,2026-05-09 04:41:00,rundll32.exe,,,,T1105
ALT-00148,INC-0061,A023,SAL-LAPTOP-23,Malicious Indicator Match,Synthetic-Security-Onion,High,2026-05-09 03:34:00,rundll32.exe,,,,T1105
ALT-00149,INC-0062,A018,SAL-LAPTOP-18,Potential Credential Access,Synthetic-Security-Onion,High,2026-06-09 00:21:00,wmic.exe,,,,T1021
ALT-00150,INC-0062,A018,SAL-LAPTOP-18,Suspicious Process Execution,Synthetic-Wazuh,High,2026-06-09 00:39:00,wmic.exe,,,,T1021
ALT-00151,INC-0062,A018,SAL-LAPTOP-18,Endpoint Malware Behavior,Synthetic-Security-Onion,High,2026-06-09 00:52:00,wmic.exe,,,,T1021
ALT-00152,INC-0063,A017,OPS-LAPTOP-17,Malicious Indicator Match,Synthetic-EDR,High,2026-06-02 19:02:00,rundll32.exe,,,,T1105
ALT-00153,INC-0063,A017,OPS-LAPTOP-17,Endpoint Malware Behavior,Synthetic-EDR,High,2026-06-02 18:46:00,rundll32.exe,,,,T1105
ALT-00154,INC-0063,A017,OPS-LAPTOP-17,Potential Credential Access,Synthetic-Security-Onion,High,2026-06-02 18:48:00,rundll32.exe,,,,T1105
ALT-00155,INC-0064,A002,SAL-LAPTOP-02,Suspicious Process Execution,Synthetic-Security-Onion,Critical,2026-05-02 14:54:00,mimikatz.exe,,,2d6f94cbecc6b941334849f9f11463fb1afe49b30395a83d3291679b4a5923f8,T1003
ALT-00156,INC-0065,A033,FIN-LAPTOP-33,Malware Download Observed,Synthetic-Security-Onion,High,2026-05-04 23:55:00,rundll32.exe,,,,T1105
ALT-00157,INC-0065,A033,FIN-LAPTOP-33,Endpoint Malware Behavior,Synthetic-EDR,High,2026-05-05 00:23:00,rundll32.exe,,,01d3ae374eabcef0aa2fe012733cbf92fc30aa562c8c8f037322131afb0e8743,T1105
ALT-00158,INC-0066,A029,OPS-SRV-29,Remote Service Lateral Movement,Synthetic-Security-Onion,High,2026-05-16 17:39:00,wmic.exe,,,,T1021
ALT-00159,INC-0066,A029,OPS-SRV-29,Endpoint Malware Behavior,Synthetic-Security-Onion,High,2026-05-16 18:21:00,wmic.exe,,,6dd968d4316620cd37a1f852bbc127b878800f0bdfb5fca8176138adc9306dbd,T1021
ALT-00160,INC-0066,A029,OPS-SRV-29,Malicious Indicator Match,Synthetic-Wazuh,High,2026-05-16 18:38:00,wmic.exe,,,938c6ab1030d2fb432ed9ad966eb10c2d24f0501bf004e09c915f0b00b75d6b4,T1021
ALT-00161,INC-0067,A057,EXE-LAPTOP-57,Endpoint Malware Behavior,Synthetic-EDR,Medium,2026-06-10 22:50:00,regsvr32.exe,,,,T1071
ALT-00162,INC-0067,A057,EXE-LAPTOP-57,Malicious Indicator Match,Synthetic-Security-Onion,Medium,2026-06-10 22:45:00,cmd.exe,,,,T1071
ALT-00163,INC-0067,A057,EXE-LAPTOP-57,Suspicious Process Execution,Synthetic-Wazuh,Medium,2026-06-11 00:11:00,powershell.exe,,,,T1071
ALT-00164,INC-0068,A016,SAL-LAPTOP-16,Malicious Indicator Match,Synthetic-Wazuh,High,2026-05-03 14:24:00,wmic.exe,,,7cef1f8e90715a9db9aad73d1b91ef3956ce383809d37d5e4663a24b4a010f81,T1021
ALT-00165,INC-0068,A016,SAL-LAPTOP-16,Suspicious Process Execution,Synthetic-Wazuh,High,2026-05-03 13:39:00,wmic.exe,,,,T1021
ALT-00166,INC-0068,A016,SAL-LAPTOP-16,Potential Credential Access,Synthetic-Wazuh,High,2026-05-03 15:40:00,wmic.exe,,,,T1021
ALT-00167,INC-0069,A079,FIN-LAPTOP-79,Malicious Indicator Match,Synthetic-EDR,Critical,2026-06-01 18:56:00,powershell.exe,,,,T1486
ALT-00168,INC-0070,A024,IT-SRV-24,Suspicious Process Execution,Synthetic-EDR,Critical,2026-06-02 06:24:00,mimikatz.exe,185.234.249.67,,,T1003
ALT-00169,INC-0070,A024,IT-SRV-24,Suspicious Process Execution,Synthetic-EDR,Critical,2026-06-02 07:15:00,mimikatz.exe,185.196.202.81,,,T1003
ALT-00170,INC-0070,A024,IT-SRV-24,Potential Credential Access,Synthetic-EDR,Critical,2026-06-02 05:02:00,mimikatz.exe,,,,T1003
ALT-00171,INC-0070,A024,IT-SRV-24,Unusual Network Connection,Synthetic-Wazuh,Critical,2026-06-02 07:44:00,mimikatz.exe,185.75.12.182,,,T1003
ALT-00172,INC-0071,A079,FIN-LAPTOP-79,Unusual Network Connection,Synthetic-Security-Onion,Medium,2026-05-03 23:18:00,powershell.exe,,,,T1071
ALT-00173,INC-0071,A079,FIN-LAPTOP-79,Potential Credential Access,Synthetic-Security-Onion,Medium,2026-05-03 23:11:00,powershell.exe,,,,T1071
ALT-00174,INC-0071,A079,FIN-LAPTOP-79,Unusual Network Connection,Synthetic-Wazuh,Medium,2026-05-03 22:15:00,wmic.exe,,,,T1071
ALT-00175,INC-0071,A079,FIN-LAPTOP-79,Malicious Indicator Match,Synthetic-EDR,Medium,2026-05-03 21:21:00,cmd.exe,,,,T1071
ALT-00176,INC-0072,A013,WEB-13,Suspicious Process Execution,Synthetic-EDR,High,2026-06-04 18:48:00,rundll32.exe,,,bdceca637811e0e213853ad473a6736c21e907910fbc01406abeb677a71a2311,T1105
ALT-00177,INC-0073,A014,EXE-SRV-14,Endpoint Malware Behavior,Synthetic-EDR,Medium,2026-06-04 22:39:00,powershell.exe,,,,T1071
ALT-00178,INC-0073,A014,EXE-SRV-14,Suspicious DNS Query,Synthetic-Wazuh,Medium,2026-06-04 22:18:00,rundll32.exe,,,7237d663e9926b7cf63aec0bb1f31d3584e4a970b518fcc33503e206b4827080,T1071
ALT-00179,INC-0073,A014,EXE-SRV-14,Potential Credential Access,Synthetic-Wazuh,Medium,2026-06-05 00:27:00,rundll32.exe,,,6dd968d4316620cd37a1f852bbc127b878800f0bdfb5fca8176138adc9306dbd,T1071
ALT-00180,INC-0073,A014,EXE-SRV-14,Unusual Network Connection,Synthetic-Security-Onion,Medium,2026-06-04 23:55:00,rundll32.exe,,,,T1071
ALT-00181,INC-0074,A052,WEB-52,Endpoint Malware Behavior,Synthetic-EDR,High,2026-05-21 02:38:00,wmic.exe,,,,T1021
ALT-00182,INC-0075,A009,FIN-SRV-09,Malicious Indicator Match,Synthetic-EDR,High,2026-06-14 02:22:00,powershell.exe,,,951e97b0fe5a70a76985786d6dde664cb4a6afc8f0d68f2ec899e761b6d44072,T1059
ALT-00183,INC-0076,A037,FILE-37,Suspicious Process Execution,Synthetic-Wazuh,Medium,2026-05-25 13:40:00,regsvr32.exe,,,,T1053
ALT-00184,INC-0077,A070,FIN-SRV-70,Ransomware-like File Activity,Synthetic-EDR,Critical,2026-06-10 06:22:00,powershell.exe,,,,T1486
ALT-00185,INC-0077,A070,FIN-SRV-70,Ransomware-like File Activity,Synthetic-EDR,Critical,2026-06-10 06:32:00,powershell.exe,185.229.121.57,,,T1486
ALT-00186,INC-0077,A070,FIN-SRV-70,Ransomware-like File Activity,Synthetic-Security-Onion,Critical,2026-06-10 04:53:00,powershell.exe,,,4b824f52d405c307ed63f1426954e43b9de6ca936183500c58786d65128bc122,T1486
ALT-00187,INC-0078,A045,SAL-LAPTOP-45,Malicious Indicator Match,Synthetic-Wazuh,Medium,2026-05-27 20:29:00,regsvr32.exe,185.234.249.67,,,T1071
ALT-00188,INC-0078,A045,SAL-LAPTOP-45,Suspicious DNS Query,Synthetic-EDR,Medium,2026-05-27 21:58:00,regsvr32.exe,,,43b712435eaf3c42f9262a7a0f5fbd4b36cff47491cc59ad68fe071a4e7a4e60,T1071
ALT-00189,INC-0079,A071,OPS-LAPTOP-71,Unusual Network Connection,Synthetic-Security-Onion,Critical,2026-05-19 22:31:00,mimikatz.exe,,,7cef1f8e90715a9db9aad73d1b91ef3956ce383809d37d5e4663a24b4a010f81,T1003
ALT-00190,INC-0080,A017,OPS-LAPTOP-17,Potential Credential Access,Synthetic-EDR,Medium,2026-05-07 10:18:00,rundll32.exe,,update-56.example-malicious.net,,T1071
ALT-00191,INC-0080,A017,OPS-LAPTOP-17,Potential Credential Access,Synthetic-EDR,Medium,2026-05-07 10:33:00,cmd.exe,,,,T1071
ALT-00192,INC-0081,A041,EXE-LAPTOP-41,Endpoint Malware Behavior,Synthetic-Security-Onion,High,2026-05-11 01:10:00,wmic.exe,,,,T1021
ALT-00193,INC-0081,A041,EXE-LAPTOP-41,Suspicious Process Execution,Synthetic-EDR,High,2026-05-11 01:24:00,wmic.exe,,,,T1021
ALT-00194,INC-0082,A062,IT-SRV-62,Endpoint Malware Behavior,Synthetic-EDR,Medium,2026-05-29 11:20:00,cmd.exe,,,,T1053
ALT-00195,INC-0082,A062,IT-SRV-62,Potential Credential Access,Synthetic-Wazuh,Medium,2026-05-29 12:07:00,cmd.exe,,,,T1053
ALT-00196,INC-0082,A062,IT-SRV-62,Endpoint Malware Behavior,Synthetic-Wazuh,Medium,2026-05-29 11:04:00,powershell.exe,,,,T1053
ALT-00197,INC-0082,A062,IT-SRV-62,Potential Credential Access,Synthetic-EDR,Medium,2026-05-29 12:43:00,powershell.exe,,,,T1053
ALT-00198,INC-0083,A076,HR-LAPTOP-76,Malicious Indicator Match,Synthetic-Security-Onion,Medium,2026-05-03 17:57:00,cmd.exe,,,,T1071
ALT-00199,INC-0083,A076,HR-LAPTOP-76,Endpoint Malware Behavior,Synthetic-Security-Onion,Medium,2026-05-03 17:34:00,regsvr32.exe,,,,T1071
ALT-00200,INC-0083,A076,HR-LAPTOP-76,Suspicious DNS Query,Synthetic-Security-Onion,Medium,2026-05-03 18:33:00,regsvr32.exe,,,,T1071
ALT-00201,INC-0083,A076,HR-LAPTOP-76,Potential Credential Access,Synthetic-EDR,Medium,2026-05-03 17:42:00,cmd.exe,,,,T1071
ALT-00202,INC-0084,A066,DB-66,Unusual Network Connection,Synthetic-Security-Onion,High,2026-05-29 05:10:00,rundll32.exe,,,,T1105
ALT-00203,INC-0084,A066,DB-66,Suspicious Process Execution,Synthetic-Wazuh,High,2026-05-29 06:07:00,rundll32.exe,,files-95.example-malicious.net,,T1105
ALT-00204,INC-0085,A048,FIN-LAPTOP-48,Suspicious DNS Query,Synthetic-Wazuh,Medium,2026-05-03 23:46:00,wmic.exe,,,45afe4d3400f0b918a01ef33efd41c4886549fd9119f58667643622f8b78d2c7,T1071
ALT-00205,INC-0085,A048,FIN-LAPTOP-48,Endpoint Malware Behavior,Synthetic-Security-Onion,Medium,2026-05-03 22:07:00,regsvr32.exe,,,7237d663e9926b7cf63aec0bb1f31d3584e4a970b518fcc33503e206b4827080,T1071
ALT-00206,INC-0085,A048,FIN-LAPTOP-48,Suspicious Process Execution,Synthetic-Security-Onion,Medium,2026-05-03 23:47:00,regsvr32.exe,,,,T1071
ALT-00207,INC-0086,A049,DB-49,Suspicious Process Execution,Synthetic-EDR,High,2026-06-07 21:43:00,wmic.exe,,,,T1566
ALT-00208,INC-0087,A046,ENG-LAPTOP-46,Unusual Network Connection,Synthetic-Wazuh,High,2026-06-01 15:58:00,cmd.exe,,,,T1566
ALT-00209,INC-0088,A010,EXE-LAPTOP-10,Ransomware-like File Activity,Synthetic-EDR,Critical,2026-05-14 04:58:00,powershell.exe,,,,T1486
ALT-00210,INC-0088,A010,EXE-LAPTOP-10,Endpoint Malware Behavior,Synthetic-Wazuh,Critical,2026-05-14 06:03:00,powershell.exe,185.240.148.49,,,T1486
ALT-00211,INC-0088,A010,EXE-LAPTOP-10,Unusual Network Connection,Synthetic-Wazuh,Critical,2026-05-14 06:31:00,powershell.exe,,,,T1486
ALT-00212,INC-0089,A021,IT-LAPTOP-21,Remote Service Lateral Movement,Synthetic-EDR,High,2026-05-02 07:37:00,wmic.exe,,auth-52.example-malicious.net,,T1021
ALT-00213,INC-0089,A021,IT-LAPTOP-21,Suspicious Process Execution,Synthetic-EDR,High,2026-05-02 08:43:00,wmic.exe,185.77.10.28,,,T1021
ALT-00214,INC-0090,A077,OPS-LAPTOP-77,Unusual Network Connection,Synthetic-Wazuh,High,2026-06-12 09:56:00,powershell.exe,,portal-18.example-malicious.net,,T1059
ALT-00215,INC-0090,A077,OPS-LAPTOP-77,Potential Credential Access,Synthetic-Wazuh,High,2026-06-12 11:29:00,powershell.exe,,,,T1059
ALT-00216,INC-0091,A024,IT-SRV-24,Ransomware-like File Activity,Synthetic-Wazuh,Critical,2026-05-12 00:36:00,powershell.exe,,,,T1486
ALT-00217,INC-0091,A024,IT-SRV-24,Ransomware-like File Activity,Synthetic-Wazuh,Critical,2026-05-12 01:13:00,powershell.exe,185.68.58.7,,,T1486
ALT-00218,INC-0091,A024,IT-SRV-24,Potential Credential Access,Synthetic-EDR,Critical,2026-05-12 00:47:00,powershell.exe,,,,T1486
ALT-00219,INC-0091,A024,IT-SRV-24,Potential Credential Access,Synthetic-Wazuh,Critical,2026-05-11 23:45:00,powershell.exe,,,,T1486
ALT-00220,INC-0092,A061,HR-LAPTOP-61,Suspicious Process Execution,Synthetic-EDR,High,2026-06-04 18:18:00,powershell.exe,,,,T1059
ALT-00221,INC-0093,A001,SAL-LAPTOP-01,Unusual Network Connection,Synthetic-Wazuh,High,2026-06-03 15:03:00,wmic.exe,,,,T1021
ALT-00222,INC-0094,A049,DB-49,Suspicious Process Execution,Synthetic-Wazuh,High,2026-06-08 00:12:00,wmic.exe,185.77.10.28,,,T1566
ALT-00223,INC-0095,A077,OPS-LAPTOP-77,Remote Service Lateral Movement,Synthetic-EDR,High,2026-05-17 06:01:00,wmic.exe,,,,T1021
ALT-00224,INC-0096,A049,DB-49,Malicious Indicator Match,Synthetic-Security-Onion,Medium,2026-06-14 12:17:00,regsvr32.exe,,,aece81a465ea0d7b94c8e50111cd35cb67f6ea5734711f60879d070f180964c9,T1071
ALT-00225,INC-0097,A055,HR-LAPTOP-55,Potential Credential Access,Synthetic-EDR,High,2026-06-09 10:03:00,wmic.exe,,,,T1566
ALT-00226,INC-0097,A055,HR-LAPTOP-55,Unusual Network Connection,Synthetic-Security-Onion,High,2026-06-09 09:18:00,regsvr32.exe,,,4b824f52d405c307ed63f1426954e43b9de6ca936183500c58786d65128bc122,T1566
ALT-00227,INC-0097,A055,HR-LAPTOP-55,Endpoint Malware Behavior,Synthetic-Wazuh,High,2026-06-09 10:48:00,wmic.exe,,,,T1566
ALT-00228,INC-0097,A055,HR-LAPTOP-55,Endpoint Malware Behavior,Synthetic-Wazuh,High,2026-06-09 08:25:00,wmic.exe,185.234.249.67,,,T1566
ALT-00229,INC-0098,A028,WEB-28,Remote Service Lateral Movement,Synthetic-Wazuh,High,2026-05-22 17:37:00,wmic.exe,,,bdceca637811e0e213853ad473a6736c21e907910fbc01406abeb677a71a2311,T1021
ALT-00230,INC-0099,A061,HR-LAPTOP-61,Endpoint Malware Behavior,Synthetic-Security-Onion,High,2026-05-06 03:42:00,wmic.exe,185.229.121.57,,,T1021
ALT-00231,INC-0099,A061,HR-LAPTOP-61,Potential Credential Access,Synthetic-Security-Onion,High,2026-05-06 04:32:00,wmic.exe,,,,T1021
ALT-00232,INC-0099,A061,HR-LAPTOP-61,Suspicious Process Execution,Synthetic-EDR,High,2026-05-06 04:06:00,wmic.exe,,,064a4ff20e793cb48e44c5b24fc5998b42ae9f6d9ce622524833cc5385af5936,T1021
ALT-00233,INC-0100,A057,EXE-LAPTOP-57,Potential Credential Access,Synthetic-EDR,High,2026-05-13 23:12:00,powershell.exe,,,6dd968d4316620cd37a1f852bbc127b878800f0bdfb5fca8176138adc9306dbd,T1059
ALT-00234,INC-0100,A057,EXE-LAPTOP-57,Potential Credential Access,Synthetic-Wazuh,High,2026-05-13 23:52:00,powershell.exe,,,,T1059
ALT-00235,INC-0100,A057,EXE-LAPTOP-57,Endpoint Malware Behavior,Synthetic-Wazuh,High,2026-05-13 21:40:00,powershell.exe,185.55.149.247,,,T1059
ALT-00236,INC-0101,A012,DB-12,Potential Credential Access,Synthetic-Wazuh,Critical,2026-05-26 14:00:00,powershell.exe,,,,T1486
ALT-00237,INC-0101,A012,DB-12,Potential Credential Access,Synthetic-Security-Onion,Critical,2026-05-26 13:23:00,powershell.exe,185.220.204.224,,,T1486
ALT-00238,INC-0101,A012,DB-12,Malicious Indicator Match,Synthetic-Security-Onion,Critical,2026-05-26 12:10:00,powershell.exe,,,,T1486
ALT-00239,INC-0101,A012,DB-12,Unusual Network Connection,Synthetic-Security-Onion,Critical,2026-05-26 13:27:00,powershell.exe,185.225.138.85,,,T1486
ALT-00240,INC-0102,A001,SAL-LAPTOP-01,Malicious Indicator Match,Synthetic-Wazuh,Critical,2026-05-12 15:11:00,powershell.exe,,,,T1486
ALT-00241,INC-0103,A033,FIN-LAPTOP-33,Malicious Indicator Match,Synthetic-Security-Onion,Critical,2026-06-14 16:54:00,powershell.exe,,,,T1486
ALT-00242,INC-0103,A033,FIN-LAPTOP-33,Potential Credential Access,Synthetic-Wazuh,Critical,2026-06-14 16:03:00,powershell.exe,,,,T1486
ALT-00243,INC-0103,A033,FIN-LAPTOP-33,Unusual Network Connection,Synthetic-EDR,Critical,2026-06-14 14:56:00,powershell.exe,185.127.90.79,,,T1486
ALT-00244,INC-0103,A033,FIN-LAPTOP-33,Suspicious Process Execution,Synthetic-Security-Onion,Critical,2026-06-14 15:45:00,powershell.exe,,,,T1486
ALT-00245,INC-0104,A046,ENG-LAPTOP-46,Malicious Indicator Match,Synthetic-Wazuh,High,2026-06-14 10:21:00,powershell.exe,,,938c6ab1030d2fb432ed9ad966eb10c2d24f0501bf004e09c915f0b00b75d6b4,T1059
ALT-00246,INC-0105,A023,SAL-LAPTOP-23,Unusual Network Connection,Synthetic-EDR,Medium,2026-05-21 11:51:00,cmd.exe,,,938c6ab1030d2fb432ed9ad966eb10c2d24f0501bf004e09c915f0b00b75d6b4,T1053
ALT-00247,INC-0105,A023,SAL-LAPTOP-23,Suspicious Process Execution,Synthetic-Wazuh,Medium,2026-05-21 11:51:00,rundll32.exe,185.55.149.247,,,T1053
ALT-00248,INC-0105,A023,SAL-LAPTOP-23,Malicious Indicator Match,Synthetic-Wazuh,Medium,2026-05-21 11:27:00,regsvr32.exe,,,,T1053
ALT-00249,INC-0106,A016,SAL-LAPTOP-16,Potential Credential Access,Synthetic-Wazuh,Critical,2026-06-13 23:03:00,mimikatz.exe,,,,T1003
ALT-00250,INC-0107,A048,FIN-LAPTOP-48,Malicious Indicator Match,Synthetic-Security-Onion,High,2026-06-01 18:56:00,regsvr32.exe,,,2d6f94cbecc6b941334849f9f11463fb1afe49b30395a83d3291679b4a5923f8,T1566
ALT-00251,INC-0107,A048,FIN-LAPTOP-48,Phishing Alert Involving User Credential,Synthetic-EDR,High,2026-06-01 19:48:00,cmd.exe,,,,T1566
ALT-00252,INC-0107,A048,FIN-LAPTOP-48,Phishing Alert Involving User Credential,Synthetic-EDR,High,2026-06-01 19:28:00,regsvr32.exe,,,,T1566
ALT-00253,INC-0107,A048,FIN-LAPTOP-48,Unusual Network Connection,Synthetic-Wazuh,High,2026-06-01 20:58:00,cmd.exe,,,951e97b0fe5a70a76985786d6dde664cb4a6afc8f0d68f2ec899e761b6d44072,T1566
ALT-00254,INC-0108,A067,HR-LAPTOP-67,Malicious Indicator Match,Synthetic-EDR,Medium,2026-05-21 23:06:00,rundll32.exe,185.68.58.7,,,T1053
ALT-00255,INC-0108,A067,HR-LAPTOP-67,Malicious Indicator Match,Synthetic-Security-Onion,Medium,2026-05-22 00:36:00,cmd.exe,185.77.10.28,,,T1053
ALT-00256,INC-0109,A044,IT-LAPTOP-44,Malicious Indicator Match,Synthetic-Security-Onion,High,2026-05-12 16:11:00,rundll32.exe,,,,T1566
ALT-00257,INC-0109,A044,IT-LAPTOP-44,Suspicious Process Execution,Synthetic-EDR,High,2026-05-12 17:55:00,regsvr32.exe,,,,T1566
ALT-00258,INC-0109,A044,IT-LAPTOP-44,Suspicious Process Execution,Synthetic-EDR,High,2026-05-12 16:50:00,rundll32.exe,185.68.58.7,,,T1566
ALT-00259,INC-0109,A044,IT-LAPTOP-44,Suspicious Process Execution,Synthetic-EDR,High,2026-05-12 15:38:00,cmd.exe,,,,T1566
ALT-00260,INC-0110,A061,HR-LAPTOP-61,Malicious Indicator Match,Synthetic-Security-Onion,High,2026-05-12 15:23:00,powershell.exe,,,,T1059
ALT-00261,INC-0110,A061,HR-LAPTOP-61,Suspicious PowerShell Execution,Synthetic-Security-Onion,High,2026-05-12 13:25:00,powershell.exe,,,,T1059
ALT-00262,INC-0110,A061,HR-LAPTOP-61,Suspicious PowerShell Execution,Synthetic-Wazuh,High,2026-05-12 14:05:00,powershell.exe,,,,T1059
ALT-00263,INC-0111,A061,HR-LAPTOP-61,Malicious Indicator Match,Synthetic-Security-Onion,Critical,2026-05-29 23:05:00,mimikatz.exe,,,4b824f52d405c307ed63f1426954e43b9de6ca936183500c58786d65128bc122,T1003
ALT-00264,INC-0111,A061,HR-LAPTOP-61,Endpoint Malware Behavior,Synthetic-EDR,Critical,2026-05-29 23:50:00,mimikatz.exe,185.75.12.182,,,T1003
ALT-00265,INC-0111,A061,HR-LAPTOP-61,Endpoint Malware Behavior,Synthetic-EDR,Critical,2026-05-30 01:17:00,mimikatz.exe,,,,T1003
ALT-00266,INC-0112,A023,SAL-LAPTOP-23,Unusual Network Connection,Synthetic-Wazuh,Critical,2026-05-23 11:37:00,powershell.exe,,,,T1486
ALT-00267,INC-0112,A023,SAL-LAPTOP-23,Unusual Network Connection,Synthetic-EDR,Critical,2026-05-23 10:37:00,powershell.exe,,,,T1486
ALT-00268,INC-0112,A023,SAL-LAPTOP-23,Endpoint Malware Behavior,Synthetic-Security-Onion,Critical,2026-05-23 11:47:00,powershell.exe,,,,T1486
ALT-00269,INC-0112,A023,SAL-LAPTOP-23,Potential Credential Access,Synthetic-Security-Onion,Critical,2026-05-23 10:18:00,powershell.exe,,,,T1486
ALT-00270,INC-0113,A011,DC-11,Potential Credential Access,Synthetic-EDR,High,2026-05-22 08:41:00,rundll32.exe,,,,T1105
ALT-00271,INC-0113,A011,DC-11,Malicious Indicator Match,Synthetic-EDR,High,2026-05-22 09:30:00,rundll32.exe,,update-56.example-malicious.net,,T1105
ALT-00272,INC-0113,A011,DC-11,Unusual Network Connection,Synthetic-Security-Onion,High,2026-05-22 07:42:00,rundll32.exe,,,,T1105
ALT-00273,INC-0114,A024,IT-SRV-24,Endpoint Malware Behavior,Synthetic-EDR,High,2026-05-09 23:20:00,powershell.exe,,,,T1059
ALT-00274,INC-0114,A024,IT-SRV-24,Suspicious PowerShell Execution,Synthetic-Wazuh,High,2026-05-09 23:16:00,powershell.exe,,login-97.example-malicious.net,,T1059
ALT-00275,INC-0114,A024,IT-SRV-24,Unusual Network Connection,Synthetic-EDR,High,2026-05-09 23:13:00,powershell.exe,,,,T1059
ALT-00276,INC-0115,A004,FIN-SRV-04,Unusual Network Connection,Synthetic-Security-Onion,High,2026-06-03 02:58:00,wmic.exe,,,145181ac0324eaeadb052a891ecc459f8180b97c7b90c97691500d1cd86a4388,T1021
ALT-00277,INC-0115,A004,FIN-SRV-04,Unusual Network Connection,Synthetic-EDR,High,2026-06-03 02:32:00,wmic.exe,185.196.202.81,,,T1021
ALT-00278,INC-0116,A017,OPS-LAPTOP-17,Unusual Network Connection,Synthetic-EDR,High,2026-05-02 02:09:00,rundll32.exe,,,,T1105
ALT-00279,INC-0116,A017,OPS-LAPTOP-17,Suspicious Process Execution,Synthetic-EDR,High,2026-05-02 03:18:00,rundll32.exe,,,,T1105
ALT-00280,INC-0116,A017,OPS-LAPTOP-17,Unusual Network Connection,Synthetic-EDR,High,2026-05-02 03:42:00,rundll32.exe,,,cc24386173fd8e1634f1f1fee3822dd02d151ae0d4f2f92f1ed5f595d5e36397,T1105
ALT-00281,INC-0117,A073,FILE-73,Unusual Network Connection,Synthetic-EDR,High,2026-06-03 20:58:00,wmic.exe,,,,T1021
ALT-00282,INC-0117,A073,FILE-73,Unusual Network Connection,Synthetic-Security-Onion,High,2026-06-03 21:33:00,wmic.exe,,,,T1021
ALT-00283,INC-0117,A073,FILE-73,Malicious Indicator Match,Synthetic-Wazuh,High,2026-06-03 20:00:00,wmic.exe,185.27.248.198,,,T1021
ALT-00284,INC-0118,A067,HR-LAPTOP-67,Unusual Network Connection,Synthetic-Security-Onion,High,2026-05-23 10:16:00,rundll32.exe,,,,T1105
ALT-00285,INC-0119,A002,SAL-LAPTOP-02,Suspicious Process Execution,Synthetic-Security-Onion,High,2026-05-19 21:23:00,wmic.exe,,,,T1021
ALT-00286,INC-0120,A056,ENG-LAPTOP-56,Suspicious Process Execution,Synthetic-Security-Onion,High,2026-05-16 05:20:00,wmic.exe,,,,T1021
ALT-00287,INC-0120,A056,ENG-LAPTOP-56,Potential Credential Access,Synthetic-EDR,High,2026-05-16 07:57:00,wmic.exe,185.55.149.247,,,T1021
ALT-00288,INC-0120,A056,ENG-LAPTOP-56,Malicious Indicator Match,Synthetic-EDR,High,2026-05-16 07:16:00,wmic.exe,,,,T1021
ALT-00289,INC-0120,A056,ENG-LAPTOP-56,Unusual Network Connection,Synthetic-Wazuh,High,2026-05-16 05:17:00,wmic.exe,,,,T1021
ALT-00290,INC-0121,A024,IT-SRV-24,Unusual Network Connection,Synthetic-Wazuh,High,2026-05-19 04:22:00,rundll32.exe,,,efe5caae946bae1f9e7bb134c69bd2033608e303a9b64ebd2c051aee7bde636d,T1105
ALT-00291,INC-0121,A024,IT-SRV-24,Potential Credential Access,Synthetic-Wazuh,High,2026-05-19 03:47:00,rundll32.exe,185.61.210.236,,,T1105
ALT-00292,INC-0121,A024,IT-SRV-24,Malicious Indicator Match,Synthetic-Security-Onion,High,2026-05-19 03:32:00,rundll32.exe,,,,T1105
ALT-00293,INC-0121,A024,IT-SRV-24,Endpoint Malware Behavior,Synthetic-Wazuh,High,2026-05-19 03:59:00,rundll32.exe,,,,T1105
ALT-00294,INC-0122,A012,DB-12,Unusual Network Connection,Synthetic-Security-Onion,High,2026-05-01 16:58:00,rundll32.exe,,,43b712435eaf3c42f9262a7a0f5fbd4b36cff47491cc59ad68fe071a4e7a4e60,T1105
ALT-00295,INC-0122,A012,DB-12,Malware Download Observed,Synthetic-Security-Onion,High,2026-05-01 15:20:00,rundll32.exe,,,,T1105
ALT-00296,INC-0122,A012,DB-12,Suspicious Process Execution,Synthetic-Wazuh,High,2026-05-01 16:08:00,rundll32.exe,,,,T1105
ALT-00297,INC-0122,A012,DB-12,Malware Download Observed,Synthetic-EDR,High,2026-05-01 17:00:00,rundll32.exe,,,,T1105
ALT-00298,INC-0123,A024,IT-SRV-24,Unusual Network Connection,Synthetic-Security-Onion,Medium,2026-05-17 13:03:00,cmd.exe,,,,T1071
ALT-00299,INC-0124,A005,ENG-LAPTOP-05,Malicious Indicator Match,Synthetic-Wazuh,Medium,2026-05-31 01:41:00,rundll32.exe,,,,T1071
ALT-00300,INC-0124,A005,ENG-LAPTOP-05,Potential Credential Access,Synthetic-Wazuh,Medium,2026-05-31 00:04:00,regsvr32.exe,,,,T1071
ALT-00301,INC-0125,A062,IT-SRV-62,Suspicious Process Execution,Synthetic-EDR,Critical,2026-05-13 12:51:00,powershell.exe,,,,T1486
ALT-00302,INC-0125,A062,IT-SRV-62,Malicious Indicator Match,Synthetic-EDR,Critical,2026-05-13 11:30:00,powershell.exe,185.81.90.165,,,T1486
ALT-00303,INC-0126,A051,VPN-51,Malicious Indicator Match,Synthetic-Wazuh,Medium,2026-05-01 02:03:00,cmd.exe,,,,T1071
ALT-00304,INC-0126,A051,VPN-51,Malicious Indicator Match,Synthetic-EDR,Medium,2026-05-01 01:15:00,regsvr32.exe,185.220.204.224,,,T1071
ALT-00305,INC-0126,A051,VPN-51,Endpoint Malware Behavior,Synthetic-EDR,Medium,2026-05-01 01:27:00,cmd.exe,,,aece81a465ea0d7b94c8e50111cd35cb67f6ea5734711f60879d070f180964c9,T1071
ALT-00306,INC-0126,A051,VPN-51,Potential Credential Access,Synthetic-EDR,Medium,2026-05-01 02:28:00,rundll32.exe,185.234.249.67,,,T1071
ALT-00307,INC-0127,A057,EXE-LAPTOP-57,Endpoint Malware Behavior,Synthetic-Security-Onion,Medium,2026-05-03 00:23:00,wmic.exe,185.229.121.57,,,T1071
ALT-00308,INC-0127,A057,EXE-LAPTOP-57,Suspicious Process Execution,Synthetic-EDR,Medium,2026-05-02 22:47:00,wmic.exe,,,b0ebf5e04f4139f344154baa9bd20f9523584739e5d1df9f84ae997bd49af96d,T1071
ALT-00309,INC-0128,A070,FIN-SRV-70,Malicious Indicator Match,Synthetic-Security-Onion,High,2026-05-22 01:18:00,wmic.exe,185.27.248.198,,,T1566
ALT-00310,INC-0128,A070,FIN-SRV-70,Unusual Network Connection,Synthetic-EDR,High,2026-05-21 23:47:00,regsvr32.exe,185.211.180.28,,,T1566
ALT-00311,INC-0129,A003,IT-LAPTOP-03,Unusual Network Connection,Synthetic-Wazuh,High,2026-06-09 09:14:00,regsvr32.exe,,,,T1566
ALT-00312,INC-0130,A064,ENG-LAPTOP-64,Endpoint Malware Behavior,Synthetic-Wazuh,High,2026-06-09 09:11:00,rundll32.exe,,download-89.example-malicious.net,,T1105
ALT-00313,INC-0130,A064,ENG-LAPTOP-64,Suspicious Process Execution,Synthetic-Wazuh,High,2026-06-09 09:08:00,rundll32.exe,,,,T1105
ALT-00314,INC-0130,A064,ENG-LAPTOP-64,Suspicious Process Execution,Synthetic-Wazuh,High,2026-06-09 09:08:00,rundll32.exe,,files-95.example-malicious.net,,T1105
ALT-00315,INC-0131,A074,OPS-LAPTOP-74,Potential Credential Access,Synthetic-EDR,High,2026-06-12 15:18:00,wmic.exe,185.234.249.67,,,T1021
ALT-00316,INC-0131,A074,OPS-LAPTOP-74,Suspicious Process Execution,Synthetic-EDR,High,2026-06-12 17:05:00,wmic.exe,,,45afe4d3400f0b918a01ef33efd41c4886549fd9119f58667643622f8b78d2c7,T1021
ALT-00317,INC-0131,A074,OPS-LAPTOP-74,Remote Service Lateral Movement,Synthetic-Security-Onion,High,2026-06-12 17:43:00,wmic.exe,,,,T1021
ALT-00318,INC-0132,A008,DB-08,Potential Credential Access,Synthetic-Security-Onion,High,2026-06-06 01:15:00,powershell.exe,,,,T1566
ALT-00319,INC-0132,A008,DB-08,Phishing Alert Involving User Credential,Synthetic-Wazuh,High,2026-06-06 01:12:00,rundll32.exe,185.127.90.79,,,T1566
ALT-00320,INC-0132,A008,DB-08,Potential Credential Access,Synthetic-Security-Onion,High,2026-06-05 23:48:00,cmd.exe,,,705ffe941bb05fca92407908aeeb2c17f2bed026342345ae68fcc4b59b201cef,T1566
ALT-00321,INC-0132,A008,DB-08,Potential Credential Access,Synthetic-EDR,High,2026-06-05 23:45:00,cmd.exe,,,c9fb7b8ac79b6e30bf42948123d4edb965bceafaf0d04cc30413d41481e2b99e,T1566
ALT-00322,INC-0133,A072,WEB-72,Unusual Network Connection,Synthetic-Wazuh,High,2026-05-07 20:42:00,wmic.exe,,,,T1021
ALT-00323,INC-0133,A072,WEB-72,Potential Credential Access,Synthetic-Security-Onion,High,2026-05-07 22:09:00,wmic.exe,,,,T1021
ALT-00324,INC-0133,A072,WEB-72,Potential Credential Access,Synthetic-EDR,High,2026-05-07 21:53:00,wmic.exe,185.81.90.165,,,T1021
ALT-00325,INC-0133,A072,WEB-72,Malicious Indicator Match,Synthetic-EDR,High,2026-05-07 21:23:00,wmic.exe,,,,T1021
ALT-00326,INC-0134,A048,FIN-LAPTOP-48,Potential Credential Access,Synthetic-EDR,High,2026-06-10 13:54:00,wmic.exe,,,,T1021
ALT-00327,INC-0134,A048,FIN-LAPTOP-48,Endpoint Malware Behavior,Synthetic-Security-Onion,High,2026-06-10 14:32:00,wmic.exe,,,4b824f52d405c307ed63f1426954e43b9de6ca936183500c58786d65128bc122,T1021
ALT-00328,INC-0134,A048,FIN-LAPTOP-48,Unusual Network Connection,Synthetic-Security-Onion,High,2026-06-10 13:00:00,wmic.exe,,,,T1021
ALT-00329,INC-0135,A005,ENG-LAPTOP-05,Suspicious Process Execution,Synthetic-Security-Onion,Critical,2026-06-08 00:05:00,powershell.exe,185.234.249.67,,,T1486
ALT-00330,INC-0135,A005,ENG-LAPTOP-05,Endpoint Malware Behavior,Synthetic-Security-Onion,Critical,2026-06-08 02:21:00,powershell.exe,,,,T1486
ALT-00331,INC-0135,A005,ENG-LAPTOP-05,Potential Credential Access,Synthetic-EDR,Critical,2026-06-08 00:39:00,powershell.exe,,,,T1486
ALT-00332,INC-0136,A013,WEB-13,Suspicious Process Execution,Synthetic-Wazuh,High,2026-05-30 12:05:00,powershell.exe,,,7cef1f8e90715a9db9aad73d1b91ef3956ce383809d37d5e4663a24b4a010f81,T1059
ALT-00333,INC-0136,A013,WEB-13,Suspicious PowerShell Execution,Synthetic-EDR,High,2026-05-30 12:42:00,powershell.exe,,,,T1059
ALT-00334,INC-0136,A013,WEB-13,Suspicious Process Execution,Synthetic-EDR,High,2026-05-30 11:19:00,powershell.exe,,,,T1059
ALT-00335,INC-0137,A042,FILE-42,Scheduled Task Persistence,Synthetic-EDR,Medium,2026-05-12 17:27:00,rundll32.exe,,,,T1053
ALT-00336,INC-0138,A049,DB-49,Credential Dumping Suspected,Synthetic-Wazuh,Critical,2026-05-04 12:47:00,mimikatz.exe,,,01d3ae374eabcef0aa2fe012733cbf92fc30aa562c8c8f037322131afb0e8743,T1003
ALT-00337,INC-0138,A049,DB-49,Credential Dumping Suspected,Synthetic-EDR,Critical,2026-05-04 12:41:00,mimikatz.exe,,,,T1003
ALT-00338,INC-0138,A049,DB-49,Potential Credential Access,Synthetic-Wazuh,Critical,2026-05-04 11:21:00,mimikatz.exe,185.121.156.252,,,T1003
ALT-00339,INC-0138,A049,DB-49,Suspicious Process Execution,Synthetic-Security-Onion,Critical,2026-05-04 12:08:00,mimikatz.exe,,,,T1003
ALT-00340,INC-0139,A029,OPS-SRV-29,Potential Credential Access,Synthetic-EDR,High,2026-05-04 23:09:00,rundll32.exe,,,,T1105
ALT-00341,INC-0139,A029,OPS-SRV-29,Malicious Indicator Match,Synthetic-Security-Onion,High,2026-05-04 21:37:00,rundll32.exe,,invoice-35.example-malicious.net,,T1105
ALT-00342,INC-0139,A029,OPS-SRV-29,Unusual Network Connection,Synthetic-EDR,High,2026-05-04 21:12:00,rundll32.exe,185.220.204.224,,,T1105
ALT-00343,INC-0139,A029,OPS-SRV-29,Malicious Indicator Match,Synthetic-Wazuh,High,2026-05-04 22:42:00,rundll32.exe,,,,T1105
ALT-00344,INC-0140,A065,HR-SRV-65,Unusual Network Connection,Synthetic-Security-Onion,High,2026-06-14 06:46:00,wmic.exe,,,,T1021
ALT-00345,INC-0140,A065,HR-SRV-65,Potential Credential Access,Synthetic-EDR,High,2026-06-14 06:14:00,wmic.exe,,,,T1021
ALT-00346,INC-0140,A065,HR-SRV-65,Malicious Indicator Match,Synthetic-Security-Onion,High,2026-06-14 05:22:00,wmic.exe,185.127.90.79,,,T1021
ALT-00347,INC-0140,A065,HR-SRV-65,Potential Credential Access,Synthetic-Wazuh,High,2026-06-14 04:28:00,wmic.exe,,,,T1021
